n001.tif,no
n002.tif,no
n003.tif,no
n004.tif,no
n005.tif,no
n006.tif,no
n007.tif,no
n008.tif,no
n009.tif,no
n010.tif,no
n011.tif,no
n012.tif,no
n013.tif,no
n014.tif,no
n015.tif,no
n016.tif,no
n017.tif,no
n018.tif,no
n019.tif,no
n020.tif,no
n021.tif,no
n022.tif,no
n023.tif,no
n024.tif,no
n025.tif,no
n026.tif,no
n027.tif,no
n028.tif,no
n029.tif,no
n030.tif,no
n031.tif,no
n032.tif,no
n033.tif,no
n034.tif,no
n035.tif,no
n036.tif,no
n037.tif,no
n038.tif,no
n039.tif,no
n040.tif,no
n041.tif,no
n042.tif,no
n043.tif,no
n044.tif,no
n045.tif,no
n046.tif,no
n047.tif,no
n048.tif,no
n049.tif,no
n050.tif,no
n051.tif,no
n052.tif,no
n053.tif,no
n054.tif,no
n055.tif,no
n056.tif,no
n057.tif,no
n058.tif,no
n059.tif,no
n060.tif,no
n061.tif,no
n062.tif,no
n063.tif,no
n064.tif,no
n065.tif,no
n066.tif,no
n067.tif,no
n068.tif,no
n069.tif,no
n070.tif,no
n071.tif,no
n072.tif,no
n073.tif,no
n074.tif,no
n075.tif,no
n076.tif,no
n077.tif,no
n078.tif,no
n079.tif,no
n080.tif,no
n081.tif,no
n082.tif,no
n083.tif,no
n084.tif,no
n085.tif,no
n086.tif,no
n087.tif,no
n088.tif,no
n089.tif,no
n090.tif,no
n091.tif,no
n092.tif,no
n093.tif,no
n094.tif,no
n095.tif,no
n096.tif,no
n097.tif,no
n098.tif,no
n099.tif,no
n100.tif,no
b001.tif,no
b002.tif,no
b003.tif,no
b004.tif,no
b005.tif,no
b006.tif,no
b007.tif,no
b008.tif,no
b009.tif,no
b010.tif,no
b011.tif,no
b012.tif,no
b013.tif,no
b014.tif,no
b015.tif,no
b016.tif,no
b017.tif,no
b018.tif,no
b019.tif,no
b020.tif,no
b021.tif,no
b022.tif,no
b023.tif,no
b024.tif,no
b025.tif,no
b026.tif,no
b027.tif,no
b028.tif,no
b029.tif,no
b030.tif,no
b031.tif,no
b032.tif,no
b033.tif,no
b034.tif,no
b035.tif,no
b036.tif,no
b037.tif,no
b038.tif,no
b039.tif,no
b040.tif,no
b041.tif,no
b042.tif,no
b043.tif,no
b044.tif,no
b045.tif,no
b046.tif,no
b047.tif,no
b048.tif,no
b049.tif,no
b050.tif,no
b051.tif,no
b052.tif,no
b053.tif,no
b054.tif,no
b055.tif,no
b056.tif,no
b057.tif,no
b058.tif,no
b059.tif,no
b060.tif,no
b061.tif,no
b062.tif,no
b063.tif,no
b064.tif,no
b065.tif,no
b066.tif,no
b067.tif,no
b068.tif,no
b069.tif,no
b070.tif,no
b071.tif,no
b072.tif,no
b073.tif,no
b074.tif,no
b075.tif,no
b076.tif,no
b077.tif,no
b078.tif,no
b079.tif,no
b080.tif,no
b081.tif,no
b082.tif,no
b083.tif,no
b084.tif,no
b085.tif,no
b086.tif,no
b087.tif,no
b088.tif,no
b089.tif,no
b090.tif,no
b091.tif,no
b092.tif,no
b093.tif,no
b094.tif,no
b095.tif,no
b096.tif,no
b097.tif,no
b098.tif,no
b099.tif,no
b100.tif,no
is001.tif,cancer
is002.tif,cancer
is003.tif,cancer
is004.tif,cancer
is005.tif,cancer
is006.tif,cancer
is007.tif,cancer
is008.tif,cancer
is009.tif,cancer
is010.tif,cancer
is011.tif,cancer
is012.tif,cancer
is013.tif,cancer
is014.tif,cancer
is015.tif,cancer
is016.tif,cancer
is017.tif,cancer
is018.tif,cancer
is019.tif,cancer
is020.tif,cancer
is021.tif,cancer
is022.tif,cancer
is023.tif,cancer
is024.tif,cancer
is025.tif,cancer
is026.tif,cancer
is027.tif,cancer
is028.tif,cancer
is029.tif,cancer
is030.tif,cancer
is031.tif,cancer
is032.tif,cancer
is033.tif,cancer
is034.tif,cancer
is035.tif,cancer
is036.tif,cancer
is037.tif,cancer
is038.tif,cancer
is039.tif,cancer
is040.tif,cancer
is041.tif,cancer
is042.tif,cancer
is043.tif,cancer
is044.tif,cancer
is045.tif,cancer
is046.tif,cancer
is047.tif,cancer
is048.tif,cancer
is049.tif,cancer
is050.tif,cancer
is051.tif,cancer
is052.tif,cancer
is053.tif,cancer
is054.tif,cancer
is055.tif,cancer
is056.tif,cancer
is057.tif,cancer
is058.tif,cancer
is059.tif,cancer
is060.tif,cancer
is061.tif,cancer
is062.tif,cancer
is063.tif,cancer
is064.tif,cancer
is065.tif,cancer
is066.tif,cancer
is067.tif,cancer
is068.tif,cancer
is069.tif,cancer
is070.tif,cancer
is071.tif,cancer
is072.tif,cancer
is073.tif,cancer
is074.tif,cancer
is075.tif,cancer
is076.tif,cancer
is077.tif,cancer
is078.tif,cancer
is079.tif,cancer
is080.tif,cancer
is081.tif,cancer
is082.tif,cancer
is083.tif,cancer
is084.tif,cancer
is085.tif,cancer
is086.tif,cancer
is087.tif,cancer
is088.tif,cancer
is089.tif,cancer
is090.tif,cancer
is091.tif,cancer
is092.tif,cancer
is093.tif,cancer
is094.tif,cancer
is095.tif,cancer
is096.tif,cancer
is097.tif,cancer
is098.tif,cancer
is099.tif,cancer
is100.tif,cancer
iv001.tif,cancer
iv002.tif,cancer
iv003.tif,cancer
iv004.tif,cancer
iv005.tif,cancer
iv006.tif,cancer
iv007.tif,cancer
iv008.tif,cancer
iv009.tif,cancer
iv010.tif,cancer
iv011.tif,cancer
iv012.tif,cancer
iv013.tif,cancer
iv014.tif,cancer
iv015.tif,cancer
iv016.tif,cancer
iv017.tif,cancer
iv018.tif,cancer
iv019.tif,cancer
iv020.tif,cancer
iv021.tif,cancer
iv022.tif,cancer
iv023.tif,cancer
iv024.tif,cancer
iv025.tif,cancer
iv026.tif,cancer
iv027.tif,cancer
iv028.tif,cancer
iv029.tif,cancer
iv030.tif,cancer
iv031.tif,cancer
iv032.tif,cancer
iv033.tif,cancer
iv034.tif,cancer
iv035.tif,cancer
iv036.tif,cancer
iv037.tif,cancer
iv038.tif,cancer
iv039.tif,cancer
iv040.tif,cancer
iv041.tif,cancer
iv042.tif,cancer
iv043.tif,cancer
iv044.tif,cancer
iv045.tif,cancer
iv046.tif,cancer
iv047.tif,cancer
iv048.tif,cancer
iv049.tif,cancer
iv050.tif,cancer
iv051.tif,cancer
iv052.tif,cancer
iv053.tif,cancer
iv054.tif,cancer
iv055.tif,cancer
iv056.tif,cancer
iv057.tif,cancer
iv058.tif,cancer
iv059.tif,cancer
iv060.tif,cancer
iv061.tif,cancer
iv062.tif,cancer
iv063.tif,cancer
iv064.tif,cancer
iv065.tif,cancer
iv066.tif,cancer
iv067.tif,cancer
iv068.tif,cancer
iv069.tif,cancer
iv070.tif,cancer
iv071.tif,cancer
iv072.tif,cancer
iv073.tif,cancer
iv074.tif,cancer
iv075.tif,cancer
iv076.tif,cancer
iv077.tif,cancer
iv078.tif,cancer
iv079.tif,cancer
iv080.tif,cancer
iv081.tif,cancer
iv082.tif,cancer
iv083.tif,cancer
iv084.tif,cancer
iv085.tif,cancer
iv086.tif,cancer
iv087.tif,cancer
iv088.tif,cancer
iv089.tif,cancer
iv090.tif,cancer
iv091.tif,cancer
iv092.tif,cancer
iv093.tif,cancer
iv094.tif,cancer
iv095.tif,cancer
iv096.tif,cancer
iv097.tif,cancer
iv098.tif,cancer
iv099.tif,cancer
iv100.tif,cancer
